{
    "val_accuracy": 0.8785982728004456,
    "val_loss": 0.3619926869869232,
    "val_f1": 0.7743611953226505,
    "val_precision": 0.8046804680468047,
    "val_recall": 0.7462437395659433,
    "parameters": {
        "model_type": "DenseNN",
        "input_dim": 384,
        "epochs": 50,
        "batch_size": 32,
        "learning_rate": 0.001
    },
    "training_history": {
        "accuracy": [
            0.8517262935638428,
            0.8781161904335022,
            0.8891206979751587,
            0.8969438076019287,
            0.9084697961807251,
            0.9175967574119568,
            0.9295921325683594,
            0.9361635446548462
        ],
        "loss": [
            0.3501308858394623,
            0.29432186484336853,
            0.26784253120422363,
            0.24400988221168518,
            0.22049303352832794,
            0.1982160359621048,
            0.17268569767475128,
            0.157163605093956
        ],
        "val_accuracy": [
            0.8884021639823914,
            0.8877763748168945,
            0.8913224935531616,
            0.8898622989654541,
            0.8840216994285583,
            0.8746349811553955,
            0.8821443319320679,
            0.8785982728004456
        ],
        "val_loss": [
            0.29564201831817627,
            0.2731803357601166,
            0.2696952521800995,
            0.27783894538879395,
            0.2978576421737671,
            0.3296116292476654,
            0.34699440002441406,
            0.3619926869869232
        ]
    }
}