{
    "val_accuracy": 0.9322807192802429,
    "val_loss": 0.23013067245483398,
    "val_f1": 0.876577840112202,
    "val_precision": 0.8753501400560224,
    "val_recall": 0.8778089887640449,
    "parameters": {
        "model_type": "DenseNN",
        "input_dim": 384,
        "epochs": 50,
        "batch_size": 32,
        "learning_rate": 0.001
    },
    "training_history": {
        "accuracy": [
            0.8867344856262207,
            0.9268292784690857,
            0.9356027245521545,
            0.9436743259429932,
            0.9516581892967224,
            0.9557816982269287,
            0.9640287756919861
        ],
        "loss": [
            0.27591001987457275,
            0.19144566357135773,
            0.16669832170009613,
            0.14637251198291779,
            0.12044023722410202,
            0.1157081201672554,
            0.09746456891298294
        ],
        "val_accuracy": [
            0.8845614194869995,
            0.9382455945014954,
            0.9319298267364502,
            0.9319298267364502,
            0.933684229850769,
            0.9315789341926575,
            0.9322807192802429
        ],
        "val_loss": [
            0.26726460456848145,
            0.17397764325141907,
            0.1813938319683075,
            0.1880531758069992,
            0.21237614750862122,
            0.22051899135112762,
            0.23013067245483398
        ]
    }
}