{
    "val_accuracy": 0.9083333611488342,
    "val_loss": 0.341378390789032,
    "val_f1": 0.8217391304347826,
    "val_precision": 0.7875,
    "val_recall": 0.8590909090909091,
    "parameters": {
        "model_type": "DenseNN",
        "input_dim": 384,
        "epochs": 50,
        "batch_size": 32,
        "learning_rate": 0.001
    },
    "training_history": {
        "accuracy": [
            0.8827207088470459,
            0.9122774004936218,
            0.9243084788322449,
            0.9343501329421997,
            0.9429708123207092,
            0.9478969573974609,
            0.9552860856056213
        ],
        "loss": [
            0.2836727797985077,
            0.21321363747119904,
            0.19277630746364594,
            0.16507135331630707,
            0.14489789307117462,
            0.12975457310676575,
            0.11504580825567245
        ],
        "val_accuracy": [
            0.8488636612892151,
            0.9068182110786438,
            0.9041666388511658,
            0.9045454263687134,
            0.9060605764389038,
            0.9102272987365723,
            0.9083333611488342
        ],
        "val_loss": [
            0.32203561067581177,
            0.23218147456645966,
            0.25531816482543945,
            0.2717491090297699,
            0.3002917468547821,
            0.3010096848011017,
            0.341378390789032
        ]
    }
}