{
    "val_accuracy": 0.911347508430481,
    "val_loss": 0.2367328256368637,
    "val_f1": 0.8188140818814081,
    "val_precision": 0.836384942141497,
    "val_recall": 0.8019662921348315,
    "parameters": {
        "model_type": "DenseNN",
        "input_dim": 384,
        "epochs": 50,
        "batch_size": 32,
        "learning_rate": 0.001
    },
    "training_history": {
        "accuracy": [
            0.8896476626396179,
            0.9006109237670898,
            0.9061759114265442,
            0.9113898277282715,
            0.9166388511657715,
            0.921475350856781,
            0.9247406125068665,
            0.9289977550506592,
            0.9323946833610535
        ],
        "loss": [
            0.2657909393310547,
            0.24111010134220123,
            0.22667106986045837,
            0.213679239153862,
            0.20155765116214752,
            0.19073361158370972,
            0.18121449649333954,
            0.1708229035139084,
            0.16359500586986542
        ],
        "val_accuracy": [
            0.9063970446586609,
            0.9076258540153503,
            0.9091355800628662,
            0.9112772941589355,
            0.9109964370727539,
            0.9123656749725342,
            0.9111719727516174,
            0.9103995561599731,
            0.911347508430481
        ],
        "val_loss": [
            0.22908350825309753,
            0.22401070594787598,
            0.22119207680225372,
            0.21877196431159973,
            0.22293421626091003,
            0.2238047569990158,
            0.228982076048851,
            0.2366042137145996,
            0.2367328256368637
        ]
    }
}