{
    "val_accuracy": 0.9463318586349487,
    "val_loss": 0.21468758583068848,
    "val_f1": 0.8920792079207921,
    "val_precision": 0.8965174129353234,
    "val_recall": 0.8876847290640394,
    "parameters": {
        "model_type": "DenseNN",
        "input_dim": 384,
        "epochs": 50,
        "batch_size": 32,
        "learning_rate": 0.001
    },
    "training_history": {
        "accuracy": [
            0.9239197373390198,
            0.9420164823532104,
            0.9507570862770081,
            0.9579588770866394,
            0.9628831744194031,
            0.9681152105331421,
            0.9696540832519531,
            0.9760556221008301
        ],
        "loss": [
            0.21678422391414642,
            0.16061122715473175,
            0.14047323167324066,
            0.11966253072023392,
            0.10094846040010452,
            0.08785001188516617,
            0.08088445663452148,
            0.0673367902636528
        ],
        "val_accuracy": [
            0.9399310946464539,
            0.9453471302986145,
            0.9463318586349487,
            0.9431314468383789,
            0.9436238408088684,
            0.9485475420951843,
            0.9470704197883606,
            0.9463318586349487
        ],
        "val_loss": [
            0.17830540239810944,
            0.1589680016040802,
            0.1497492492198944,
            0.17217999696731567,
            0.18528319895267487,
            0.20129553973674774,
            0.20704956352710724,
            0.21468758583068848
        ]
    }
}