{
    "val_accuracy": 0.9025917649269104,
    "val_loss": 0.2779727280139923,
    "val_f1": 0.8032576082297471,
    "val_precision": 0.7969946129855401,
    "val_recall": 0.8096198156682027,
    "parameters": {
        "model_type": "DenseNN",
        "input_dim": 384,
        "epochs": 50,
        "batch_size": 32,
        "learning_rate": 0.001
    },
    "training_history": {
        "accuracy": [
            0.8730875849723816,
            0.8940926790237427,
            0.9008423686027527,
            0.9076820611953735,
            0.9144497513771057,
            0.9219914078712463,
            0.9283451437950134,
            0.9340869188308716
        ],
        "loss": [
            0.2988933324813843,
            0.2604207694530487,
            0.24370907247066498,
            0.22580859065055847,
            0.2099103480577469,
            0.19352640211582184,
            0.17783069610595703,
            0.16295449435710907
        ],
        "val_accuracy": [
            0.8963282704353333,
            0.8993520736694336,
            0.9008639454841614,
            0.9017998576164246,
            0.9018718600273132,
            0.898776113986969,
            0.9012959003448486,
            0.9025917649269104
        ],
        "val_loss": [
            0.25343918800354004,
            0.2469361275434494,
            0.24517813324928284,
            0.2528272569179535,
            0.25287726521492004,
            0.26522114872932434,
            0.2739156484603882,
            0.2779727280139923
        ]
    }
}